Model,Test AUC,Test AP,Test F1
XGBoost,0.81985107640178,0.5062520940771763,0.6185170956588552
Stage1 raw+delta detector,0.838309467659391,0.5356707813314584,0.6216113020236732
